0,pro
1,unpro
2,unpro
3,pro
4,pro
5,unpro
7,pro
9,pro
10,unpro
11,unpro
12,pro
13,unpro
14,unpro
15,unpro
17,pro
18,pro
19,unpro
20,unpro
21,unpro
23,pro
25,unpro
26,pro
27,pro
28,unpro
29,unpro
31,unpro
32,unpro
33,pro
34,unpro
35,unpro
36,unpro
37,unpro
38,pro
40,unpro
41,unpro
43,unpro
44,unpro
45,unpro
46,unpro
47,pro
48,pro
49,unpro
50,unpro
52,unpro
53,unpro
54,unpro
55,unpro
57,unpro
58,unpro
59,pro
60,unpro
61,pro
62,pro
63,pro
65,pro
66,pro
67,pro
68,unpro
69,unpro
70,unpro
71,unpro
72,unpro
73,unpro
74,unpro
75,pro
76,unpro
77,unpro
78,pro
79,unpro
80,unpro
81,pro
82,unpro
83,unpro
84,pro
85,pro
87,unpro
89,unpro
90,unpro
91,pro
94,unpro
95,pro
96,unpro
97,unpro
98,pro
99,unpro
100,unpro
101,unpro
102,unpro
103,unpro
106,unpro
108,unpro
109,unpro
112,unpro
113,pro
114,pro
115,pro
116,unpro
117,unpro
118,unpro
119,unpro
120,unpro
121,unpro
122,pro
123,pro
124,unpro
125,pro
126,pro
127,unpro
130,unpro
132,unpro
133,unpro
134,unpro
136,unpro
137,unpro
138,unpro
139,unpro
141,unpro
142,pro
143,unpro
145,unpro
146,unpro
147,unpro
148,unpro
149,pro
150,unpro
152,unpro
154,unpro
155,unpro
156,unpro
157,unpro
160,unpro
161,pro
162,pro
163,unpro
164,pro
166,pro
169,pro
170,unpro
171,unpro
172,pro
174,unpro
175,unpro
176,pro
177,unpro
178,unpro
179,unpro
182,unpro
184,pro
185,unpro
186,pro
187,pro
188,unpro
189,unpro
190,pro
191,unpro
192,pro
195,unpro
196,pro
197,unpro
198,unpro
199,unpro
200,unpro
201,pro
202,unpro
203,unpro
204,unpro
205,unpro
206,unpro
207,unpro
208,unpro
210,pro
211,unpro
212,unpro
213,unpro
214,pro
216,unpro
217,unpro
218,unpro
219,unpro
220,unpro
221,unpro
223,unpro
224,pro
226,unpro
227,pro
228,pro
229,pro
231,unpro
232,pro
233,unpro
235,pro
236,pro
237,unpro
238,unpro
239,unpro
240,pro
241,pro
242,unpro
243,unpro
245,unpro
246,pro
247,pro
248,unpro
249,unpro
250,unpro
251,pro
252,unpro
253,unpro
254,unpro
255,unpro
257,unpro
258,unpro
259,pro
260,unpro
262,unpro
263,unpro
264,unpro
265,unpro
267,unpro
268,pro
269,unpro
270,unpro
272,unpro
273,unpro
274,unpro
275,unpro
276,unpro
277,pro
278,pro
280,unpro
281,unpro
282,unpro
283,pro
284,unpro
285,unpro
286,unpro
287,unpro
288,unpro
289,unpro
291,unpro
292,unpro
293,pro
294,unpro
295,unpro
296,unpro
297,pro
298,unpro
299,unpro
300,unpro
301,unpro
302,unpro
303,unpro
304,unpro
305,unpro
306,unpro
307,pro
308,pro
309,unpro
310,unpro
311,unpro
313,unpro
314,unpro
315,pro
316,pro
317,pro
319,pro
320,pro
323,unpro
325,unpro
326,unpro
327,unpro
329,unpro
330,unpro
331,pro
332,unpro
333,pro
334,pro
335,unpro
336,pro
339,unpro
340,unpro
341,unpro
342,pro
343,unpro
344,unpro
345,unpro
346,pro
347,pro
348,pro
349,unpro
350,unpro
351,pro
352,pro
353,unpro
356,unpro
357,unpro
358,unpro
360,unpro
361,pro
362,unpro
365,unpro
366,unpro
367,unpro
368,unpro
370,unpro
371,unpro
372,unpro
373,unpro
375,unpro
376,pro
378,unpro
379,unpro
380,pro
381,pro
382,unpro
385,unpro
386,pro
388,pro
389,pro
390,unpro
391,unpro
392,unpro
393,pro
394,unpro
395,unpro
396,pro
397,unpro
398,unpro
400,unpro
401,unpro
402,unpro
403,unpro
404,unpro
405,pro
406,unpro
407,unpro
408,unpro
410,pro
411,pro
412,unpro
413,pro
414,unpro
415,unpro
416,unpro
417,unpro
418,pro
419,pro
421,pro
422,unpro
423,unpro
424,unpro
425,pro
426,unpro
427,unpro
428,pro
430,unpro
431,unpro
432,unpro
434,unpro
435,pro
436,unpro
437,unpro
438,unpro
439,unpro
440,unpro
441,pro
443,unpro
444,unpro
445,unpro
446,pro
447,unpro
450,unpro
451,unpro
452,pro
454,pro
455,unpro
456,unpro
457,pro
458,pro
459,unpro
460,pro
461,unpro
462,unpro
463,unpro
464,pro
465,pro
466,pro
467,unpro
468,pro
469,unpro
470,unpro
471,unpro
472,unpro
473,unpro
474,unpro
475,unpro
477,pro
478,unpro
479,pro
480,pro
482,unpro
483,pro
484,pro
485,unpro
486,pro
487,unpro
488,unpro
490,unpro
493,pro
494,unpro
495,unpro
496,unpro
497,unpro
498,pro
499,unpro
500,unpro
501,pro
502,unpro
503,unpro
504,unpro
507,unpro
508,unpro
511,pro
512,pro
513,pro
514,unpro
516,unpro
517,pro
518,unpro
519,unpro
521,pro
522,unpro
523,unpro
524,pro
525,unpro
527,pro
528,unpro
529,unpro
530,pro
532,pro
533,pro
535,unpro
536,pro
537,unpro
538,unpro
539,unpro
540,unpro
542,unpro
543,unpro
544,pro
547,unpro
549,unpro
550,pro
551,pro
553,pro
554,unpro
555,pro
558,pro
559,unpro
560,unpro
561,unpro
562,unpro
564,unpro
565,unpro
566,pro
567,unpro
568,unpro
569,unpro
570,unpro
571,unpro
572,unpro
573,pro
574,pro
575,unpro
576,unpro
577,unpro
578,unpro
580,unpro
581,pro
582,unpro
585,unpro
588,unpro
589,unpro
590,pro
591,unpro
592,unpro
594,pro
595,pro
596,unpro
597,pro
599,unpro
600,unpro
601,unpro
602,unpro
603,unpro
604,unpro
605,unpro
606,unpro
607,unpro
608,unpro
609,pro
610,unpro
611,pro
613,unpro
614,unpro
615,unpro
616,unpro
617,unpro
618,unpro
619,unpro
620,unpro
622,unpro
623,unpro
624,unpro
625,unpro
626,pro
627,unpro
628,pro
629,unpro
630,unpro
632,pro
634,pro
635,unpro
636,pro
638,unpro
639,unpro
640,pro
641,unpro
642,unpro
645,pro
646,unpro
647,unpro
648,pro
649,unpro
650,unpro
651,pro
653,unpro
654,unpro
655,unpro
656,pro
657,pro
658,unpro
659,unpro
660,unpro
661,unpro
662,unpro
664,unpro
665,unpro
667,unpro
668,unpro
669,pro
670,unpro
671,unpro
672,unpro
673,unpro
674,unpro
675,unpro
676,unpro
677,pro
678,unpro
679,unpro
680,unpro
681,unpro
682,unpro
683,unpro
684,pro
685,pro
686,unpro
688,unpro
689,unpro
690,unpro
691,unpro
692,pro
693,unpro
695,unpro
697,pro
698,pro
699,pro
701,unpro
702,unpro
703,unpro
704,unpro
706,pro
707,pro
708,pro
709,pro
710,unpro
711,unpro
712,unpro
714,unpro
716,unpro
717,pro
718,unpro
719,unpro
720,pro
723,pro
724,pro
725,unpro
726,pro
727,unpro
728,unpro
729,unpro
730,unpro
731,pro
732,unpro
735,unpro
737,pro
738,unpro
740,pro
742,unpro
743,unpro
744,pro
745,pro
746,unpro
748,unpro
749,pro
750,unpro
751,unpro
752,unpro
754,unpro
756,pro
757,pro
758,pro
759,unpro
760,unpro
761,pro
762,pro
763,pro
764,unpro
765,unpro
768,pro
769,unpro
770,unpro
771,unpro
773,unpro
774,unpro
775,unpro
776,unpro
779,unpro
780,pro
781,pro
782,unpro
783,unpro
785,unpro
787,unpro
788,unpro
789,unpro
790,unpro
791,unpro
792,pro
793,unpro
794,unpro
795,pro
796,unpro
797,unpro
798,pro
800,unpro
801,unpro
803,unpro
804,unpro
805,pro
806,pro
807,pro
808,unpro
809,unpro
810,unpro
811,unpro
812,unpro
813,pro
814,pro
815,unpro
816,unpro
818,unpro
819,unpro
820,unpro
821,unpro
822,unpro
823,unpro
824,unpro
825,unpro
826,pro
827,pro
828,unpro
829,pro
830,unpro
831,unpro
833,pro
834,unpro
835,unpro
836,unpro
837,pro
838,unpro
839,pro
840,unpro
842,unpro
843,unpro
844,unpro
846,unpro
849,unpro
850,unpro
851,pro
852,unpro
853,unpro
854,unpro
855,pro
856,unpro
857,unpro
858,unpro
860,unpro
861,unpro
863,unpro
864,unpro
866,pro
867,unpro
868,unpro
869,unpro
870,unpro
871,pro
872,pro
873,pro
874,unpro
876,pro
878,pro
881,pro
883,unpro
884,unpro
885,unpro
886,pro
887,unpro
888,unpro
889,unpro
890,unpro
891,pro
895,unpro
896,pro
897,unpro
899,unpro
900,unpro
901,unpro
902,unpro
903,pro
904,unpro
905,unpro
906,unpro
907,unpro
908,unpro
909,pro
911,pro
912,unpro
914,unpro
916,unpro
918,unpro
919,unpro
920,unpro
922,unpro
923,pro
924,unpro
925,unpro
927,unpro
928,unpro
929,unpro
931,pro
932,unpro
933,pro
934,unpro
935,pro
936,unpro
937,unpro
938,pro
939,unpro
940,unpro
941,unpro
942,pro
943,pro
944,unpro
946,pro
947,unpro
948,pro
949,pro
950,unpro
951,unpro
952,unpro
953,unpro
954,unpro
955,unpro
956,unpro
957,pro
958,unpro
959,unpro
960,unpro
962,pro
963,unpro
964,unpro
965,pro
966,unpro
968,unpro
969,unpro
970,unpro
971,unpro
972,unpro
973,unpro
974,pro
976,unpro
977,unpro
978,unpro
979,pro
980,unpro
981,unpro
982,unpro
984,unpro
985,unpro
986,unpro
988,pro
990,pro
992,unpro
993,pro
994,unpro
995,pro
996,pro
997,unpro
998,unpro
1000,unpro
1001,unpro
1002,pro
1004,unpro
1008,unpro
1009,pro
1010,unpro
1011,unpro
1012,pro
1013,pro
1014,unpro
1015,unpro
1016,pro
1017,pro
1018,unpro
1020,unpro
1021,unpro
1023,unpro
1024,pro
1025,unpro
1028,pro
1029,pro
1030,pro
1031,pro
1032,unpro
1033,unpro
1034,pro
1035,pro
1036,unpro
1037,unpro
1038,unpro
1039,pro
1042,pro
1043,pro
1044,pro
1045,unpro
1048,pro
1050,unpro
1051,unpro
1052,unpro
1053,pro
1054,unpro
1055,unpro
1056,unpro
1057,unpro
1058,unpro
1060,pro
1061,unpro
1063,unpro
1064,pro
1065,unpro
1066,unpro
1067,pro
1068,unpro
1069,unpro
1070,unpro
1071,unpro
1072,unpro
1073,unpro
1074,unpro
1075,unpro
1076,unpro
1077,unpro
1078,unpro
1079,pro
1081,unpro
1082,pro
1084,unpro
1085,pro
1086,unpro
1089,unpro
1090,pro
1091,unpro
1092,unpro
1093,pro
1094,unpro
1095,unpro
1096,pro
1097,unpro
1098,unpro
1099,pro
1103,unpro
1104,unpro
1105,unpro
1106,unpro
1107,unpro
1108,unpro
1109,pro
1111,pro
1112,unpro
1113,unpro
1114,unpro
1115,unpro
1117,unpro
1119,pro
1120,unpro
1121,unpro
1122,unpro
1123,unpro
1124,unpro
1125,unpro
1127,pro
1128,unpro
1131,pro
1134,unpro
1136,pro
1137,pro
1138,unpro
1139,unpro
1140,unpro
1141,unpro
1142,unpro
1143,pro
1144,pro
1146,unpro
1147,unpro
1148,unpro
1149,unpro
1150,pro
1151,unpro
1152,pro
1153,unpro
1154,unpro
1155,pro
1157,unpro
1158,unpro
1160,unpro
1161,pro
1164,unpro
1165,unpro
1167,unpro
1168,pro
1169,unpro
1170,unpro
1171,unpro
1172,unpro
1173,unpro
1174,unpro
1175,unpro
1176,unpro
1177,pro
1179,pro
1180,unpro
1181,unpro
1182,unpro
1183,pro
1184,unpro
1185,pro
1186,unpro
1187,pro
1188,unpro
1189,pro
1191,unpro
1192,unpro
1193,pro
1194,pro
1195,pro
1196,unpro
1197,unpro
1198,unpro
1199,pro
1201,pro
1202,pro
1203,unpro
1204,pro
1205,unpro
1206,pro
1207,pro
1208,unpro
1210,unpro
1211,unpro
1213,unpro
1215,unpro
1217,unpro
1218,unpro
1219,unpro
1220,unpro
1222,pro
1223,unpro
1224,pro
1225,unpro
1226,unpro
1228,unpro
1229,unpro
1231,pro
1232,unpro
1234,pro
1237,unpro
1239,unpro
1242,unpro
1243,unpro
1244,unpro
1245,unpro
1246,unpro
1247,pro
1249,unpro
1252,unpro
1253,pro
1254,unpro
1255,unpro
1256,pro
1258,unpro
1259,pro
1260,pro
1261,pro
1263,unpro
1264,unpro
1265,pro
1266,pro
1267,unpro
1268,pro
1269,pro
1270,unpro
1271,unpro
1275,pro
1276,unpro
1278,pro
1279,pro
1281,pro
1283,pro
1284,pro
1288,unpro
1290,unpro
1291,pro
1294,unpro
1295,unpro
1296,unpro
1297,pro
1298,unpro
1299,unpro
1300,pro
1305,pro
1306,unpro
1307,unpro
1308,unpro
1309,pro
1312,unpro
1313,pro
1315,pro
1316,unpro
1318,unpro
1319,pro
1320,unpro
1321,pro
1323,unpro
1324,unpro
1325,pro
1326,pro
1327,unpro
1329,unpro
1330,pro
1332,pro
1333,unpro
1336,unpro
1337,unpro
1341,pro
1342,unpro
1344,unpro
1345,unpro
1346,pro
1347,unpro
1349,unpro
1350,unpro
1351,unpro
1352,pro
1353,unpro
1355,unpro
1356,pro
1357,pro
1359,pro
1360,unpro
1363,unpro
1364,unpro
1365,unpro
1366,pro
1367,unpro
1369,unpro
1370,unpro
1371,pro
1373,unpro
1374,unpro
1376,unpro
1377,unpro
1379,unpro
1380,pro
1381,unpro
1382,unpro
1384,unpro
1385,unpro
1387,pro
1389,pro
1391,unpro
1392,pro
1393,pro
1394,unpro
1395,unpro
1396,pro
1397,unpro
1398,pro
1399,pro
1401,unpro
1402,unpro
1403,unpro
1404,unpro
1405,unpro
1406,unpro
1407,unpro
1409,pro
1410,pro
1411,unpro
1413,pro
1414,pro
1416,unpro
1417,pro
1418,unpro
1419,pro
1420,unpro
1421,pro
1425,unpro
1429,pro
1434,pro
1435,unpro
1436,pro
1437,unpro
1438,pro
1439,unpro
1440,unpro
1441,unpro
1443,unpro
1444,pro
1445,unpro
1446,pro
1447,unpro
1448,unpro
1450,unpro
1451,unpro
1452,unpro
1453,unpro
1454,unpro
1455,unpro
1458,pro
1460,unpro
1463,pro
1464,pro
1466,pro
1467,pro
1469,unpro
1471,unpro
1472,unpro
1473,unpro
1474,pro
1475,pro
1476,pro
1477,unpro
1478,unpro
1480,unpro
1482,unpro
1484,unpro
1485,unpro
1486,unpro
1487,pro
1488,unpro
1489,unpro
1490,unpro
1491,pro
1492,unpro
1493,unpro
1494,unpro
1496,unpro
1497,pro
1499,unpro
1501,pro
1502,unpro
1503,unpro
1505,unpro
1506,unpro
1507,unpro
1509,unpro
1513,unpro
1514,unpro
1516,unpro
1517,unpro
1518,unpro
1520,pro
1521,unpro
1523,unpro
1525,pro
1526,unpro
1527,unpro
1528,unpro
1529,unpro
1530,unpro
1531,unpro
1533,unpro
1534,unpro
1535,pro
1537,unpro
1538,unpro
1539,unpro
1540,unpro
1542,pro
1543,unpro
1544,pro
1545,unpro
1546,unpro
1547,unpro
1548,unpro
1549,unpro
1550,unpro
1552,unpro
1553,unpro
1554,pro
1555,unpro
1556,unpro
1557,unpro
1558,unpro
1561,unpro
1562,unpro
1563,unpro
1564,unpro
1565,pro
1566,pro
1567,pro
1569,unpro
1570,unpro
1571,unpro
1573,unpro
1574,unpro
1575,pro
1577,unpro
1578,unpro
1580,unpro
1581,pro
1582,pro
1583,unpro
1585,unpro
1586,unpro
1589,pro
1590,unpro
1591,pro
1592,unpro
1594,pro
1596,pro
1597,pro
1598,unpro
1599,pro
1602,pro
1603,unpro
1605,pro
1607,unpro
1609,unpro
1610,unpro
1611,unpro
1612,unpro
1613,unpro
1614,unpro
1615,unpro
1617,unpro
1618,pro
1619,unpro
1620,unpro
1622,pro
1623,unpro
1624,unpro
1625,unpro
1626,pro
1627,unpro
1629,pro
1631,unpro
1632,unpro
1633,pro
1635,pro
1636,unpro
1637,unpro
1638,pro
1639,unpro
1640,unpro
1641,pro
1642,pro
1644,unpro
1645,unpro
1646,pro
1648,unpro
1649,unpro
1651,unpro
1652,unpro
1653,unpro
1654,unpro
1655,pro
1656,unpro
1657,unpro
1658,unpro
1659,unpro
1661,unpro
1662,unpro
1663,pro
1665,unpro
1666,pro
1667,pro
1668,pro
1669,unpro
1670,unpro
1671,unpro
1673,unpro
1674,unpro
1675,unpro
1676,pro
1678,unpro
1679,unpro
1680,unpro
1681,unpro
1682,unpro
1683,unpro
1684,unpro
1685,unpro
1686,unpro
1687,pro
1689,pro
1690,unpro
1691,unpro
1695,unpro
1696,unpro
1697,unpro
1699,pro
1703,unpro
1704,unpro
1706,unpro
1707,unpro
1708,pro
1709,pro
1711,unpro
1712,pro
1713,unpro
1714,unpro
1715,unpro
1716,pro
1717,pro
1718,unpro
1720,unpro
1721,pro
1722,unpro
1724,pro
1725,pro
1726,pro
1727,unpro
1728,pro
1729,pro
1730,unpro
1732,unpro
1733,pro
1735,unpro
1736,unpro
1737,unpro
1739,pro
1740,pro
1742,pro
1743,unpro
1744,unpro
1746,pro
1747,unpro
1748,unpro
1749,unpro
1750,pro
1751,unpro
1752,unpro
1754,unpro
1755,unpro
1756,pro
1758,pro
1759,unpro
1761,unpro
1763,pro
1764,unpro
1765,unpro
1767,pro
1768,unpro
1769,pro
1771,unpro
1773,pro
1774,pro
1775,pro
1777,pro
1778,unpro
1779,unpro
1780,pro
1781,unpro
1784,unpro
1785,unpro
1787,unpro
1788,unpro
1790,unpro
1791,pro
1792,pro
1793,unpro
1794,pro
1795,unpro
1796,unpro
1797,unpro
1798,unpro
1799,unpro
1800,pro
1801,pro
1802,unpro
1803,unpro
1804,unpro
1805,unpro
1806,unpro
1807,unpro
1808,unpro
1809,unpro
1810,unpro
1811,unpro
1812,unpro
1813,pro
1815,pro
1816,unpro
1817,unpro
1819,pro
1820,pro
1821,unpro
1822,pro
1823,unpro
1824,pro
1825,unpro
1826,unpro
1828,unpro
1830,unpro
1833,pro
1836,pro
1837,unpro
1840,pro
1841,pro
1842,unpro
1843,unpro
1844,pro
1846,unpro
1847,unpro
1849,unpro
1850,unpro
1854,unpro
1855,pro
1857,unpro
1859,unpro
1860,pro
1861,unpro
1862,unpro
1866,pro
1868,unpro
1870,pro
1871,pro
1874,unpro
1876,unpro
1877,unpro
1878,pro
1879,pro
1880,unpro
1881,pro
1882,unpro
1883,unpro
1885,unpro
1887,pro
1888,pro
1889,pro
1890,unpro
1892,pro
1893,unpro
1894,pro
1896,unpro
1898,unpro
1899,unpro
1900,unpro
1901,unpro
1903,unpro
1904,unpro
1905,unpro
1908,pro
1909,unpro
1910,unpro
1912,pro
1914,unpro
1916,unpro
1920,pro
1922,unpro
1924,pro
1925,unpro
1928,pro
1929,unpro
1930,unpro
1931,pro
1932,unpro
1936,unpro
1937,unpro
1938,unpro
1939,pro
1941,pro
1943,unpro
1946,pro
1947,unpro
1949,unpro
1950,unpro
1951,unpro
1952,unpro
1953,pro
1955,unpro
1956,pro
1958,unpro
1961,pro
1962,unpro
1963,unpro
1965,unpro
1967,unpro
1969,unpro
1972,unpro
1975,pro
1977,unpro
1978,unpro
1983,unpro
1984,unpro
1986,pro
1987,pro
1992,unpro
1994,unpro
1995,unpro
1998,unpro
2001,unpro
2005,pro
2006,unpro
2007,unpro
2008,unpro
2010,unpro
2011,unpro
2012,pro
2014,unpro
2016,unpro
2017,unpro
2018,unpro
2019,unpro
2022,pro
2023,unpro
2025,unpro
2027,pro
2028,unpro
2029,unpro
2030,unpro
2031,unpro
2034,unpro
2035,pro
2038,unpro
2040,pro
2041,unpro
2043,unpro
2044,unpro
2045,pro
2047,unpro
2048,unpro
2049,pro
2050,unpro
2051,pro
2053,pro
2054,unpro
2055,unpro
2059,unpro
2060,unpro
2062,pro
2064,pro
2065,unpro
2068,unpro
2069,unpro
2070,unpro
2071,pro
2074,unpro
2076,pro
2079,unpro
2083,unpro
2085,unpro
2086,unpro
2087,pro
2088,unpro
2090,unpro
2092,unpro
2094,pro
2095,pro
2096,pro
2098,unpro
2103,unpro
2104,unpro
2106,unpro
2107,pro
2108,unpro
2109,unpro
2111,unpro
2113,pro
2114,unpro
2116,pro
2117,unpro
2118,unpro
2119,unpro
2120,pro
2124,unpro
2125,unpro
2128,pro
2132,pro
2133,unpro
2136,pro
2137,pro
2138,unpro
2139,pro
2140,pro
2141,pro
2142,pro
2145,pro
2147,pro
2149,unpro
2150,unpro
2152,pro
2154,unpro
2155,unpro
2158,unpro
2159,unpro
2162,pro
2163,unpro
2164,pro
2165,unpro
2167,unpro
2168,unpro
2169,pro
2170,pro
2171,unpro
2172,unpro
2173,unpro
2174,pro
2175,unpro
2179,unpro
2182,unpro
2183,unpro
2187,unpro
2192,unpro
2197,unpro
2200,unpro
2201,unpro
2205,pro
2207,unpro
2209,pro
2210,unpro
2214,pro
2215,pro
2217,unpro
2218,unpro
2229,unpro
2230,unpro
2231,unpro
2233,unpro
2236,unpro
2237,pro
2238,pro
2240,unpro
2242,unpro
2243,unpro
2245,pro
2246,unpro
2247,unpro
2250,unpro
2251,unpro
2252,pro
2254,unpro
2256,unpro
2257,unpro
2260,unpro
2261,unpro
2263,pro
2265,pro
2266,unpro
2268,pro
2269,unpro
2271,unpro
2272,unpro
2273,pro
2275,pro
2276,unpro
2277,unpro
2278,unpro
2279,pro
2280,pro
2281,pro
2282,unpro
2283,pro
2284,unpro
2285,unpro
2286,pro
2287,pro
2288,unpro
2290,unpro
2292,unpro
2293,unpro
2294,unpro
2295,unpro
2296,pro
2297,pro
2298,unpro
2299,unpro
2300,unpro
2302,unpro
2304,pro
2305,pro
2306,pro
2307,unpro
2308,unpro
2309,unpro
2310,unpro
2312,unpro
2313,unpro
2314,unpro
2315,unpro
2316,unpro
2317,unpro
2318,unpro
2319,pro
2320,unpro
2322,pro
2324,unpro
2327,pro
2328,unpro
2329,unpro
2330,unpro
2331,unpro
2332,unpro
2334,unpro
2335,unpro
2336,pro
2337,unpro
2339,pro
2340,pro
2342,pro
2343,unpro
2345,pro
2346,unpro
2347,unpro
2348,unpro
2349,pro
2350,unpro
2351,unpro
2352,unpro
2355,unpro
2356,unpro
2357,unpro
2359,pro
2360,unpro
2361,pro
2362,unpro
2363,unpro
2364,unpro
2365,pro
2366,unpro
2367,unpro
2371,pro
2372,unpro
2373,unpro
2374,pro
2375,unpro
2377,pro
2378,pro
2379,pro
2382,pro
2383,pro
2384,pro
2385,unpro
2386,unpro
2388,pro
2389,pro
2390,unpro
2392,unpro
2393,pro
2394,unpro
2396,pro
2397,unpro
2398,unpro
2399,unpro
2400,pro
2401,unpro
2402,unpro
2403,pro
2405,unpro
2406,unpro
2407,unpro
2408,unpro
2409,unpro
2410,unpro
2411,unpro
2413,unpro
2414,unpro
2415,pro
2416,unpro
2417,pro
2418,unpro
2421,unpro
2422,unpro
2423,unpro
2424,unpro
2425,pro
2426,unpro
2428,unpro
2429,unpro
2430,unpro
2431,unpro
2432,pro
2434,pro
2435,unpro
2437,unpro
2438,unpro
2439,unpro
2441,unpro
2442,unpro
2443,unpro
2444,unpro
2445,unpro
2446,unpro
2448,unpro
2449,pro
2450,unpro
2451,pro
2453,unpro
2454,unpro
2455,unpro
2456,unpro
2458,unpro
2461,pro
2462,unpro
2463,unpro
2464,pro
2466,unpro
2468,unpro
2471,pro
2472,pro
2474,unpro
2477,unpro
2481,unpro
2483,pro
2484,unpro
2485,unpro
2486,pro
2489,unpro
2490,unpro
2492,unpro
2493,pro
2494,unpro
2496,unpro
2497,pro
2498,unpro
2499,unpro
2500,pro
2501,unpro
2502,unpro
2503,pro
2504,unpro
2505,unpro
2506,pro
2512,unpro
2513,unpro
2518,pro
2519,unpro
2520,pro
2523,unpro
2526,unpro
2528,unpro
2529,pro
2533,unpro
2534,unpro
2536,pro
2543,unpro
2546,unpro
2547,unpro
2548,pro
2554,pro
2555,pro
2557,unpro
2559,pro
2560,unpro
2563,pro
2568,pro
2571,pro
2573,pro
2575,pro
2579,unpro
2581,unpro
2584,unpro
2587,pro
2589,pro
2590,unpro
2592,unpro
2595,pro
2596,unpro
2598,pro
2600,pro
2602,unpro
2605,pro
2607,unpro
2608,pro
2609,pro
2615,unpro
2617,pro
2620,unpro
2625,pro
2627,unpro
2629,pro
2631,unpro
2632,pro
2633,pro
2635,unpro
2636,pro
2641,unpro
2644,unpro
2646,unpro
2649,unpro
2650,unpro
2652,pro
2653,pro
2654,unpro
2661,pro
2663,unpro
2666,pro
2667,unpro
2671,unpro
2673,unpro
2674,pro
2675,pro
2677,pro
2680,unpro
2681,unpro
2683,unpro
2684,unpro
2685,unpro
2687,pro
2691,pro
2692,unpro
2693,pro
2696,pro
2698,unpro
2702,pro
2703,pro
2704,unpro
2710,unpro
2711,pro
2719,unpro
2721,pro
2722,pro
2733,pro
2738,unpro
2740,pro
2743,unpro
2744,unpro
2747,pro
2751,pro
2753,pro
2758,pro
2759,unpro
2760,unpro
2763,unpro
2766,pro
2767,pro
2769,unpro
2770,unpro
2772,unpro
2776,unpro
2778,pro
2779,unpro
2783,unpro
2784,pro
2786,pro
2787,unpro
2788,pro
2790,unpro
2793,unpro
2797,unpro
2798,pro
2799,unpro
2803,unpro
2805,unpro
2816,unpro
2818,pro
2819,unpro
2821,pro
2822,unpro
2823,unpro
2828,unpro
2830,unpro
2831,unpro
2833,unpro
2835,unpro
2837,unpro
2838,pro
2840,pro
2842,unpro
2843,unpro
2845,pro
2847,unpro
2850,pro
2851,pro
2852,unpro
2853,unpro
2854,pro
2856,unpro
2857,pro
2858,pro
2863,unpro
2871,unpro
2872,unpro
2873,pro
2874,unpro
2877,unpro
2878,unpro
2879,unpro
2881,unpro
2882,unpro
2883,unpro
2884,pro
2887,unpro
2889,unpro
2891,unpro
2892,unpro
2893,pro
2894,unpro
2895,pro
2897,unpro
2901,pro
2902,pro
2904,pro
2906,pro
2907,unpro
2908,pro
2909,unpro
2910,unpro
2911,unpro
2912,unpro
2913,unpro
2914,pro
2919,unpro
2920,unpro
2921,unpro
2922,pro
2924,unpro
2925,unpro
2928,unpro
2929,unpro
2931,unpro
2936,pro
2937,unpro
2938,unpro
2940,unpro
2941,unpro
2942,unpro
2945,unpro
2949,pro
2951,unpro
2954,unpro
2955,pro
2956,pro
2958,pro
2959,pro
2960,unpro
2961,unpro
2963,unpro
2964,unpro
2970,pro
2971,unpro
2972,unpro
2974,unpro
2975,unpro
2979,pro
2980,unpro
2982,unpro
2993,unpro
2997,unpro
3000,pro
3001,unpro
3002,unpro
3003,unpro
3004,unpro
3007,unpro
3008,pro
3009,unpro
3010,unpro
3011,unpro
3012,pro
3013,unpro
3015,unpro
3019,pro
3021,unpro
3022,unpro
3023,unpro
3024,pro
3027,pro
3029,unpro
3033,unpro
3034,pro
3037,unpro
3039,unpro
3043,unpro
3045,pro
3046,unpro
3048,unpro
3049,unpro
3051,unpro
3052,pro
3053,unpro
3054,unpro
3055,unpro
3056,pro
3057,pro
3059,unpro
3060,unpro
3061,unpro
3062,pro
3064,unpro
3065,pro
3066,unpro
3067,unpro
3069,unpro
3071,unpro
3073,pro
3074,unpro
3075,pro
3077,unpro
3079,unpro
3082,pro
3087,unpro
3094,pro
3098,pro
3100,unpro
3101,pro
3104,pro
3106,pro
3110,pro
3113,pro
3115,unpro
3117,pro
3118,unpro
3119,unpro
3127,unpro
3128,pro
3129,unpro
3130,unpro
3131,unpro
3135,unpro
3136,unpro
3137,unpro
3140,unpro
3141,unpro
3142,unpro
3146,unpro
3147,unpro
3150,unpro
3152,pro
3155,unpro
3160,pro
3161,unpro
3167,unpro
3169,pro
3170,pro
3171,unpro
3172,unpro
3173,unpro
3175,unpro
3178,unpro
3180,pro
3182,unpro
3183,unpro
3186,pro
3190,pro
3191,unpro
3199,pro
3200,unpro
3201,pro
3202,pro
3204,unpro
3211,unpro
3212,pro
3215,unpro
3218,pro
3221,unpro
3224,unpro
3230,pro
3231,unpro
3233,unpro
3237,unpro
3239,pro
3240,unpro
3242,pro
3243,unpro
3246,unpro
3250,unpro
3253,pro
3254,unpro
3255,pro
3256,unpro
3260,unpro
3265,unpro
3266,unpro
3269,unpro
3273,pro
3274,unpro
3276,unpro
3277,unpro
3279,unpro
3280,unpro
3281,unpro
3283,unpro
3286,unpro
3287,pro
3290,unpro
3291,unpro
3293,pro
3294,pro
3296,unpro
3297,pro
3300,pro
3302,unpro
3305,pro
3306,pro
3309,unpro
3310,unpro
3314,pro
3315,pro
3319,unpro
3320,unpro
3326,unpro
3327,unpro
3333,unpro
3338,pro
3339,unpro
3340,unpro
3342,unpro
3343,unpro
3344,unpro
3347,unpro
3348,pro
3352,unpro
3353,unpro
3356,unpro
3357,unpro
3359,unpro
3365,unpro
3368,unpro
3371,pro
3374,unpro
3375,unpro
3376,pro
3377,pro
3380,unpro
3381,unpro
3382,pro
3383,unpro
3394,unpro
3395,unpro
3399,unpro
3402,unpro
3409,unpro
3416,unpro
3428,pro
3429,pro
3432,unpro
3436,pro
3437,unpro
3438,unpro
3439,pro
3444,unpro
3445,pro
3447,unpro
3449,pro
3455,unpro
3458,unpro
3459,unpro
3470,unpro
3473,unpro
3474,unpro
3477,pro
3487,pro
3489,pro
3491,unpro
3492,unpro
3495,pro
3496,unpro
3498,unpro
3500,unpro
3504,unpro
3506,unpro
3513,unpro
3516,pro
3520,pro
3531,unpro
3534,unpro
3537,pro
3542,unpro
3544,pro
3548,unpro
3549,unpro
3551,pro
3563,unpro
3569,unpro
3570,unpro
3584,pro
3585,unpro
3586,pro
3589,pro
3590,pro
3610,unpro
3614,pro
3617,pro
3622,unpro
3624,unpro
3626,pro
3629,pro
3633,unpro
3636,unpro
3638,unpro
3640,pro
3643,pro
3647,unpro
3658,pro
3659,pro
3665,pro
3667,pro
3670,unpro
3680,pro
3689,unpro
3691,unpro
3693,unpro
3695,unpro
3701,pro
3707,pro
3708,unpro
3710,unpro
3714,pro
3719,pro
3736,pro
3737,unpro
3738,unpro
3744,unpro
3746,pro
3749,unpro
3761,unpro
3772,pro
3775,pro
3781,unpro
3791,unpro
3796,unpro
3797,pro
3798,pro
3801,pro
3805,pro
3807,unpro
3816,pro
3820,unpro
3822,unpro
3824,unpro
3829,unpro
3833,pro
3849,unpro
3854,pro
3857,pro
3860,unpro
3862,unpro
3863,unpro
3865,unpro
3874,unpro
3890,pro
3891,unpro
3896,pro
3897,pro
3908,pro
3912,pro
3913,unpro
3925,unpro
3926,pro
3933,unpro
3947,pro
3948,pro
3952,unpro
3953,unpro
3955,pro
3958,unpro
3960,unpro
3963,pro
3992,unpro
3998,unpro
4006,unpro
4012,pro
4014,pro
4015,unpro
4022,pro
4028,pro
4030,unpro
4033,unpro
4038,unpro
4050,unpro
4060,unpro
4061,pro
4073,unpro
4076,unpro
4078,pro
4095,pro
4110,unpro
4122,unpro
4171,unpro
4174,pro
4186,pro
4189,unpro
4202,pro
4214,pro
4241,unpro
4278,unpro
4284,unpro
4367,pro
4379,pro
4389,unpro
4429,pro
4469,unpro
4488,pro
4511,unpro
4514,pro
4517,pro
4547,unpro
4564,pro
4568,unpro
4569,unpro
4570,pro
4572,unpro
4573,unpro
4575,unpro
4578,unpro
4580,unpro
4581,pro
4582,unpro
4584,unpro
4585,unpro
4589,unpro
4590,unpro
4592,pro
4593,pro
4594,unpro
4595,pro
4596,unpro
4597,pro
4598,unpro
4599,unpro
4600,unpro
4601,unpro
4602,unpro
4605,unpro
4606,unpro
4609,unpro
4610,unpro
4614,unpro
4616,pro
4617,unpro
4619,unpro
4621,unpro
4623,unpro
4624,unpro
4627,unpro
4629,unpro
4630,unpro
4633,unpro
4636,unpro
4637,unpro
4639,unpro
4640,unpro
4642,unpro
4643,pro
4644,unpro
4645,unpro
4646,unpro
4648,unpro
4649,unpro
4652,unpro
4653,pro
4655,unpro
4656,unpro
4657,unpro
4660,unpro
4661,unpro
4663,pro
4666,unpro
4667,unpro
4669,unpro
4670,unpro
4673,unpro
4674,unpro
4675,unpro
4676,unpro
4680,unpro
4681,pro
4682,unpro
4683,unpro
4684,unpro
4688,unpro
4689,pro
4690,unpro
4694,unpro
4695,pro
4696,unpro
4698,pro
4700,unpro
4701,pro
4702,unpro
4703,unpro
4704,unpro
4707,unpro
4708,unpro
4709,pro
4710,unpro
4712,unpro
4713,unpro
4715,unpro
4718,unpro
4719,pro
4723,pro
4724,unpro
4727,unpro
4728,unpro
4729,unpro
4730,unpro
4731,unpro
4732,unpro
4734,unpro
4735,unpro
4736,unpro
4738,unpro
4739,unpro
4740,unpro
4742,unpro
4743,unpro
4744,unpro
4745,unpro
4746,unpro
4748,pro
4749,unpro
4751,unpro
4752,unpro
4754,unpro
4756,pro
4758,pro
4759,unpro
4762,unpro
4763,pro
4764,unpro
4766,unpro
4767,pro
4768,pro
4770,pro
4775,pro
4777,unpro
4779,pro
4780,unpro
4781,unpro
4782,pro
4783,unpro
4785,unpro
4786,pro
4791,pro
4793,pro
4795,unpro
4798,unpro
4799,unpro
4800,pro
4801,unpro
4802,pro
4803,pro
4804,unpro
4805,unpro
4808,unpro
4810,unpro
4812,unpro
4814,unpro
4815,unpro
4817,pro
4821,unpro
4822,unpro
4825,unpro
4826,pro
4828,unpro
4829,unpro
4830,pro
4832,unpro
4833,pro
4835,unpro
4842,unpro
4843,pro
4844,pro
4845,unpro
4847,unpro
4848,unpro
4852,unpro
4856,pro
4857,unpro
4858,unpro
4859,pro
4863,pro
4866,unpro
4868,pro
4873,unpro
4877,unpro
4880,unpro
4884,unpro
4888,unpro
4894,unpro
4896,unpro
4898,unpro
4899,unpro
4903,unpro
4904,pro
4909,pro
4910,unpro
4911,unpro
4912,pro
4913,pro
4915,unpro
4916,pro
4920,unpro
4922,unpro
4924,unpro
4927,unpro
4928,pro
4929,unpro
4930,pro
4932,unpro
4933,unpro
4934,unpro
4939,pro
4940,unpro
4942,unpro
4944,pro
4945,unpro
4946,pro
4948,unpro
4950,pro
4956,unpro
4963,pro
4964,unpro
4966,pro
4967,unpro
4968,unpro
4969,unpro
4970,unpro
4972,unpro
4974,unpro
4976,unpro
4982,unpro
4983,pro
4986,unpro
4989,unpro
4993,pro
4997,unpro
